-- --------------------------------------------------------
-- Servidor:                     177.152.84.139
-- Versão do servidor:           8.0.22-0ubuntu0.20.04.3 - (Ubuntu)
-- OS do Servidor:               Linux
-- HeidiSQL Versão:              11.1.0.6116
-- --------------------------------------------------------

/*!40101 SET @OLD_CHARACTER_SET_CLIENT=@@CHARACTER_SET_CLIENT */;
/*!40101 SET NAMES utf8 */;
/*!50503 SET NAMES utf8mb4 */;
/*!40014 SET @OLD_FOREIGN_KEY_CHECKS=@@FOREIGN_KEY_CHECKS, FOREIGN_KEY_CHECKS=0 */;
/*!40101 SET @OLD_SQL_MODE=@@SQL_MODE, SQL_MODE='NO_AUTO_VALUE_ON_ZERO' */;
/*!40111 SET @OLD_SQL_NOTES=@@SQL_NOTES, SQL_NOTES=0 */;


-- Copiando estrutura do banco de dados para katon
CREATE DATABASE IF NOT EXISTS `katon` /*!40100 DEFAULT CHARACTER SET utf8mb4 COLLATE utf8mb4_0900_ai_ci */ /*!80016 DEFAULT ENCRYPTION='N' */;
USE `katon`;

-- Copiando estrutura para tabela katon.equipamentos
CREATE TABLE IF NOT EXISTS `equipamentos` (
  `id` int NOT NULL AUTO_INCREMENT,
  `nome` varchar(30) CHARACTER SET utf8mb4 COLLATE utf8mb4_0900_ai_ci NOT NULL,
  `marca` varchar(30) CHARACTER SET utf8mb4 COLLATE utf8mb4_0900_ai_ci NOT NULL,
  `tipo` varchar(20) CHARACTER SET utf8mb4 COLLATE utf8mb4_0900_ai_ci NOT NULL,
  `modelo` varchar(20) CHARACTER SET utf8mb4 COLLATE utf8mb4_0900_ai_ci NOT NULL,
  `ip` varchar(17) CHARACTER SET utf8mb4 COLLATE utf8mb4_0900_ai_ci NOT NULL,
  `descricao` text CHARACTER SET utf8mb4 COLLATE utf8mb4_0900_ai_ci,
  PRIMARY KEY (`id`) USING BTREE
) ENGINE=InnoDB AUTO_INCREMENT=16 DEFAULT CHARSET=utf8mb4 COLLATE=utf8mb4_0900_ai_ci;

-- Copiando dados para a tabela katon.equipamentos: ~5 rows (aproximadamente)
/*!40000 ALTER TABLE `equipamentos` DISABLE KEYS */;
INSERT INTO `equipamentos` (`id`, `nome`, `marca`, `tipo`, `modelo`, `ip`, `descricao`) VALUES
	(11, 'Ubuntu Client', 'Hyper-V', 'VM', 'VM', '177.152.84.140', 'Maquina virtual ubuntu teste'),
	(12, 'Windows 7 Client', 'Hyper-V', 'Maquina Virtual', 'Hyper-V', '177.152.84.142', 'Windows 7 Client teste'),
	(13, 'Ubuntu Terminal', 'Linux', 'Servidor', 'Hyper-V', '177.152.84.141', 'Servidor terminal para testes'),
	(14, 'Google', 'Wb', 'site', 'https', 'google.com', 'teste porta 80'),
	(15, 'srv-mysql', 'VM', 'Hyper-V', 'Hyper-V', '177.152.84.139', 'Servidor mysql');
/*!40000 ALTER TABLE `equipamentos` ENABLE KEYS */;

-- Copiando estrutura para tabela katon.log_equipamento
CREATE TABLE IF NOT EXISTS `log_equipamento` (
  `id_log` int NOT NULL AUTO_INCREMENT,
  `host` varchar(50) CHARACTER SET utf8mb4 COLLATE utf8mb4_0900_ai_ci NOT NULL,
  `data_varredura` datetime NOT NULL,
  `ip` varchar(17) CHARACTER SET utf8mb4 COLLATE utf8mb4_0900_ai_ci NOT NULL,
  `portas_vulneraveis` text CHARACTER SET utf8mb4 COLLATE utf8mb4_0900_ai_ci,
  PRIMARY KEY (`id_log`) USING BTREE
) ENGINE=InnoDB AUTO_INCREMENT=57 DEFAULT CHARSET=utf8mb4 COLLATE=utf8mb4_0900_ai_ci;

-- Copiando dados para a tabela katon.log_equipamento: ~52 rows (aproximadamente)
/*!40000 ALTER TABLE `log_equipamento` DISABLE KEYS */;
INSERT INTO `log_equipamento` (`id_log`, `host`, `data_varredura`, `ip`, `portas_vulneraveis`) VALUES
	(5, 'Ubuntu Client', '2020-11-20 23:38:22', '177.152.84.140', '[]'),
	(6, 'Ubuntu Client', '2020-11-20 23:44:12', '177.152.84.140', '[]'),
	(7, 'Ubuntu Client', '2020-11-21 00:24:06', '177.152.84.140', '[]'),
	(8, 'Windows 7 Client', '2020-11-21 08:44:54', '177.152.84.142', '[]'),
	(9, 'Windows 7 Client', '2020-11-21 08:47:32', '177.152.84.142', '[]'),
	(10, 'Windows 7 Client', '2020-11-21 08:51:11', '177.152.84.142', '[]'),
	(11, 'Windows 7 Client', '2020-11-21 08:52:46', '177.152.84.142', '[]'),
	(12, 'Windows 7 Client', '2020-11-21 08:58:12', '177.152.84.142', '[]'),
	(13, 'Windows 7 Client', '2020-11-21 09:16:34', '177.152.84.142', '[49160]'),
	(14, 'Windows 7 Client', '2020-11-21 09:32:16', '177.152.84.142', '[49160]'),
	(15, 'Windows 7 Client', '2020-11-21 09:37:59', '177.152.84.142', '[49160]'),
	(16, 'Windows 7 Client', '2020-11-21 09:41:31', '177.152.84.142', '[49160]'),
	(17, 'Windows 7 Client', '2020-11-21 10:10:12', '177.152.84.142', '[49160]'),
	(18, 'Windows 7 Client', '2020-11-21 10:17:09', '177.152.84.142', '[49160]'),
	(19, 'Windows 7 Client', '2020-11-21 10:18:32', '177.152.84.142', '[49160]'),
	(20, 'Windows 7 Client', '2020-11-21 10:23:40', '177.152.84.142', '[49160]'),
	(21, 'Windows 7 Client', '2020-11-23 11:01:06', '177.152.84.142', '[]'),
	(22, 'Windows 7 Client', '2020-11-23 11:03:18', '177.152.84.142', '[]'),
	(23, 'Ubuntu Client', '2020-11-23 11:10:30', '177.152.84.140', '[]'),
	(24, 'Ubuntu Client', '2020-11-23 18:36:40', '177.152.84.140', '[]'),
	(25, 'Google', '2020-11-23 18:43:58', 'google.com', '[80, 443]'),
	(26, 'Google', '2020-11-23 18:57:47', 'google.com', '[80, 443]'),
	(27, 'Google', '2020-11-23 19:04:17', 'google.com', '[80, 443]'),
	(28, 'Ubuntu Client', '2020-11-23 19:06:20', '177.152.84.140', '[]'),
	(29, 'Google', '2020-11-23 19:07:04', 'google.com', '[80, 443]'),
	(30, 'Google', '2020-11-23 19:08:51', 'google.com', '[80, 443]'),
	(31, 'Google', '2020-11-23 20:03:22', 'google.com', '[80, 443]'),
	(32, 'Google', '2020-11-23 20:05:31', 'google.com', '[80, 443]'),
	(33, 'Google', '2020-11-23 20:07:06', 'google.com', '[80, 443]'),
	(34, 'Google', '2020-11-23 20:09:13', 'google.com', '[80, 443]'),
	(35, 'Windows 7 Client', '2020-11-23 20:10:16', '177.152.84.142', '[]'),
	(36, 'Google', '2020-11-24 19:43:38', 'google.com', '[80, 443]'),
	(37, 'Google', '2020-11-24 21:45:00', 'google.com', '[80, 443]'),
	(38, 'Ubuntu Terminal', '2020-11-27 17:38:42', '177.152.84.141', '[]'),
	(39, 'Google', '2020-11-27 17:41:00', 'google.com', '[80, 443]'),
	(40, 'Host desconhecido', '2020-11-28 11:30:56', '177.152.84.138', '[53, 80]'),
	(41, 'Host desconhecido', '2020-11-28 11:35:36', '177.152.84.138', '[53, 80]'),
	(42, 'Host desconhecido', '2020-11-28 11:51:54', '177.152.84.140', '[]'),
	(43, 'Ubuntu Client', '2020-11-28 11:55:47', '177.152.84.140', '[]'),
	(44, 'Google', '2020-11-28 11:56:24', 'google.com', '[80, 443]'),
	(45, 'Ubuntu', '2020-11-29 12:01:18', '177.152.84.141', '[]'),
	(46, 'Ubuntu Client', '2020-11-29 12:02:27', '177.152.84.140', '[]'),
	(47, 'Google', '2020-11-29 12:02:55', 'google.com', '[80, 443]'),
	(48, 'Google', '2020-11-29 12:10:34', 'google.com', '[80, 443]'),
	(49, 'Google', '2020-11-29 12:13:49', 'google.com', '[80, 443]'),
	(50, 'Windows 7 Client', '2020-11-30 11:27:38', '177.152.84.142', '[]'),
	(51, 'Google', '2020-11-30 15:09:29', 'google.com', '[80, 443]'),
	(52, 'Ubuntu Client', '2020-11-30 16:04:03', '177.152.84.140', '[]'),
	(53, 'Google DNS', '2020-12-01 22:18:15', '8.8.8.8', '[53, 443]'),
	(54, 'Google', '2020-12-02 18:38:38', 'google.com', '[80, 443]'),
	(55, 'srv-mysql', '2020-12-02 20:05:13', '177.152.84.139', '[22, 23, 3306]'),
	(56, 'DNS Google', '2020-12-02 20:08:01', '8.8.8.8', '[53, 443]');
/*!40000 ALTER TABLE `log_equipamento` ENABLE KEYS */;

-- Copiando estrutura para tabela katon.log_usuarios
CREATE TABLE IF NOT EXISTS `log_usuarios` (
  `id_log` int NOT NULL AUTO_INCREMENT,
  `id_usuario` varchar(50) CHARACTER SET utf8 COLLATE utf8_general_ci NOT NULL DEFAULT '0',
  `login` varchar(50) CHARACTER SET utf8 COLLATE utf8_general_ci NOT NULL DEFAULT '0',
  `atividade` text CHARACTER SET utf8 COLLATE utf8_general_ci NOT NULL,
  PRIMARY KEY (`id_log`) USING BTREE
) ENGINE=InnoDB AUTO_INCREMENT=340 DEFAULT CHARSET=utf8;

-- Copiando dados para a tabela katon.log_usuarios: ~321 rows (aproximadamente)
/*!40000 ALTER TABLE `log_usuarios` DISABLE KEYS */;
INSERT INTO `log_usuarios` (`id_log`, `id_usuario`, `login`, `atividade`) VALUES
	(19, '12', 'admin', 'Login  20/11/2020 às 19:17:52\nLogin com sucesso  20/11/2020 às 19:17:52'),
	(20, '12', 'admin', 'Login  20/11/2020 às 19:28:15\nSenha incorreta  20/11/2020 às 19:28:15'),
	(21, '13', 'lfreitas', 'Login  20/11/2020 às 19:28:15\nLogin com sucesso  20/11/2020 às 19:28:15'),
	(22, '13', 'lfreitas', 'Login  20/11/2020 às 19:30:14\nLogin com sucesso  20/11/2020 às 19:30:14'),
	(23, '12', 'admin', 'Login  20/11/2020 às 23:31:51\nLogin com sucesso  20/11/2020 às 23:31:51'),
	(24, '12', 'admin', 'Login  20/11/2020 às 23:32:15\nLogin com sucesso  20/11/2020 às 23:32:15'),
	(25, '12', 'admin', 'Login  20/11/2020 às 23:32:15\nLogin com sucesso  20/11/2020 às 23:32:15\nScan 177.152.84.140 2020-11-20 23:38:22.156593'),
	(26, '12', 'admin', 'Login  20/11/2020 às 23:42:15\nLogin com sucesso  20/11/2020 às 23:42:15\nScan 177.152.84.140 2020-11-20 23:44:11.981920'),
	(27, '13', 'lfreitas', 'Login  20/11/2020 às 23:52:44\nLogin com sucesso  20/11/2020 às 23:52:44'),
	(28, '12', 'admin', 'Login  20/11/2020 às 23:54:23\nLogin com sucesso  20/11/2020 às 23:54:23'),
	(29, '12', 'admin', 'Login  20/11/2020 às 23:54:23\nLogin com sucesso  20/11/2020 às 23:54:23'),
	(30, '12', 'admin', 'Login  20/11/2020 às 23:58:25\nLogin com sucesso  20/11/2020 às 23:58:25'),
	(31, '12', 'admin', 'Login  21/11/2020 às 00:04:08\nSenha incorreta  21/11/2020 às 00:04:08'),
	(32, '12', 'admin', 'Login  21/11/2020 às 00:04:08\nSenha incorreta  21/11/2020 às 00:04:08'),
	(33, '12', 'admin', 'Login  21/11/2020 às 00:04:08\nLogin com sucesso  21/11/2020 às 00:04:08\nScan 177.152.84.140 2020-11-21 00:24:06.284166'),
	(34, '13', 'lfreitas', 'Login  21/11/2020 às 08:37:41\nLogin com sucesso  21/11/2020 às 08:37:41\nScan 177.152.84.142 2020-11-21 08:44:53.818127\nScan 177.152.84.142 2020-11-21 08:47:32.464809\nScan 177.152.84.142 2020-11-21 08:51:10.710714\nScan 177.152.84.142 2020-11-21 08:52:45.508643'),
	(35, '12', 'admin', 'Login  21/11/2020 às 08:56:38\nLogin com sucesso  21/11/2020 às 08:56:38\nScan 177.152.84.142 2020-11-21 08:58:11.583482\nScan 177.152.84.142 2020-11-21 09:16:33.552228'),
	(36, '13', 'lfreitas', 'Login  21/11/2020 às 09:24:14\nLogin com sucesso  21/11/2020 às 09:24:14'),
	(37, '12', 'admin', 'Login  21/11/2020 às 09:31:39\nLogin com sucesso  21/11/2020 às 09:31:39\nScan 177.152.84.142 2020-11-21 09:32:15.538948'),
	(38, '12', 'admin', 'Login  21/11/2020 às 09:37:24\nLogin com sucesso  21/11/2020 às 09:37:24\nScan 177.152.84.142 2020-11-21 09:37:58.810700'),
	(39, '12', 'admin', 'Login  21/11/2020 às 09:40:59\nLogin com sucesso  21/11/2020 às 09:40:59\nScan 177.152.84.142 2020-11-21 09:41:30.504264'),
	(40, '12', 'admin', 'Login  21/11/2020 às 10:02:59\nLogin com sucesso  21/11/2020 às 10:02:59'),
	(41, '14', 'katon', 'Login  21/11/2020 às 10:09:19\nLogin com sucesso  21/11/2020 às 10:09:19\nScan 177.152.84.142 2020-11-21 10:10:12.409474\nScan 177.152.84.142 2020-11-21 10:17:09.487147'),
	(42, '14', 'katon', 'Login  21/11/2020 às 10:17:48\nLogin com sucesso  21/11/2020 às 10:17:48\nScan 177.152.84.142 2020-11-21 10:18:31.959435'),
	(43, '13', 'lfreitas', 'Login  21/11/2020 às 10:22:50\nLogin com sucesso  21/11/2020 às 10:22:50\nScan 177.152.84.142 2020-11-21 10:23:40.495505'),
	(44, '15', 'teste', 'Login  21/11/2020 às 10:35:09\nSenha incorreta  21/11/2020 às 10:35:09'),
	(45, '15', 'teste', 'Login  21/11/2020 às 10:35:09\nSenha incorreta  21/11/2020 às 10:35:09'),
	(46, '13', 'lfreitas', 'Login  21/11/2020 às 17:54:31'),
	(47, '13', 'lfreitas', 'Login  21/11/2020 às 17:55:52\nLogin com sucesso  21/11/2020 às 17:55:52'),
	(48, '13', 'lfreitas', 'Login  21/11/2020 às 18:06:57\nLogin com sucesso  21/11/2020 às 18:06:57'),
	(49, '14', 'katon', 'Login  21/11/2020 às 18:12:59\nLogin com sucesso  21/11/2020 às 18:12:59'),
	(50, '13', 'lfreitas', 'Login  21/11/2020 às 18:18:18\nSenha incorreta  21/11/2020 às 18:18:18'),
	(51, '13', 'lfreitas', 'Login  21/11/2020 às 18:19:59\nSenha incorreta  21/11/2020 às 18:19:59'),
	(52, '13', 'lfreitas', 'Login  21/11/2020 às 18:23:08\nSenha incorreta  21/11/2020 às 18:23:08'),
	(53, '13', 'lfreitas', 'Login  21/11/2020 às 18:23:08\nLogin com sucesso  21/11/2020 às 18:23:08'),
	(54, '13', 'lfreitas', 'Login  22/11/2020 às 15:42:07\nSenha incorreta  22/11/2020 às 15:42:07'),
	(55, '13', 'lfreitas', 'Login  22/11/2020 às 15:42:07\nLogin com sucesso  22/11/2020 às 15:42:07'),
	(56, '13', 'lfreitas', 'Login  22/11/2020 às 15:43:57\nSenha incorreta  22/11/2020 às 15:43:57'),
	(57, '13', 'lfreitas', 'Login  22/11/2020 às 15:43:57\nSenha incorreta  22/11/2020 às 15:43:57'),
	(58, '13', 'lfreitas', 'Login  22/11/2020 às 15:43:57\nSenha incorreta  22/11/2020 às 15:43:57'),
	(59, '13', 'lfreitas', 'Login  22/11/2020 às 15:43:57\nLogin com sucesso  22/11/2020 às 15:43:57'),
	(60, '13', 'lfreitas', 'Login  22/11/2020 às 15:46:19\nSenha incorreta  22/11/2020 às 15:46:19'),
	(61, '13', 'lfreitas', 'Login  22/11/2020 às 15:46:19\nSenha incorreta  22/11/2020 às 15:46:19'),
	(62, '13', 'lfreitas', 'Login  22/11/2020 às 15:46:19\nSenha incorreta  22/11/2020 às 15:46:19'),
	(63, '13', 'lfreitas', 'Login  22/11/2020 às 15:48:40\nSenha incorreta  22/11/2020 às 15:48:40'),
	(64, '13', 'lfreitas', 'Login  22/11/2020 às 15:49:14\nSenha incorreta  22/11/2020 às 15:49:14'),
	(65, '13', 'lfreitas', 'Login  22/11/2020 às 15:51:12\nSenha incorreta  22/11/2020 às 15:51:12'),
	(66, '13', 'lfreitas', 'Login  22/11/2020 às 15:51:44\nSenha incorreta  22/11/2020 às 15:51:44'),
	(67, '13', 'lfreitas', 'Login  22/11/2020 às 15:51:44\nSenha incorreta  22/11/2020 às 15:51:44'),
	(68, '13', 'lfreitas', 'Login  22/11/2020 às 15:51:44\nSenha incorreta  22/11/2020 às 15:51:44'),
	(69, '13', 'lfreitas', 'Login  22/11/2020 às 15:51:44\nSenha incorreta  22/11/2020 às 15:51:44'),
	(70, '13', 'lfreitas', 'Login  22/11/2020 às 15:51:44\nLogin com sucesso  22/11/2020 às 15:51:44'),
	(71, '13', 'lfreitas', 'Login  22/11/2020 às 15:55:00\nLogin com sucesso  22/11/2020 às 15:55:00\nSenha alterada  22/11/2020 às 15:55:00'),
	(72, '12', 'admin', 'Login  23/11/2020 às 10:41:40\nLogin com sucesso  23/11/2020 às 10:41:40'),
	(73, '13', 'lfreitas', 'Login  23/11/2020 às 11:00:23\nLogin com sucesso  23/11/2020 às 11:00:23\nScan 177.152.84.142 2020-11-23 11:01:05.879719'),
	(74, '12', 'admin', 'Login  23/11/2020 às 11:02:39\nLogin com sucesso  23/11/2020 às 11:02:39\nScan 177.152.84.142 2020-11-23 11:03:17.742539'),
	(75, '12', 'admin', 'Login  23/11/2020 às 11:05:03\nLogin com sucesso  23/11/2020 às 11:05:03'),
	(76, '12', 'admin', 'Login  23/11/2020 às 11:08:18\nLogin com sucesso  23/11/2020 às 11:08:18'),
	(77, '12', 'admin', 'Login  23/11/2020 às 11:08:50\nLogin com sucesso  23/11/2020 às 11:08:50'),
	(78, '12', 'admin', 'Login  23/11/2020 às 11:09:26\nLogin com sucesso  23/11/2020 às 11:09:26\nScan 177.152.84.140 2020-11-23 11:10:30.468420'),
	(79, '12', 'admin', 'Login  23/11/2020 às 18:35:35\nLogin com sucesso  23/11/2020 às 18:35:35\nScan 177.152.84.140 2020-11-23 18:36:40.292678'),
	(80, '12', 'admin', 'Login  23/11/2020 às 18:42:09\nLogin com sucesso  23/11/2020 às 18:42:09\nScan google.com 2020-11-23 18:43:58.334629'),
	(81, '12', 'admin', 'Login  23/11/2020 às 18:57:11\nLogin com sucesso  23/11/2020 às 18:57:11\nScan google.com 2020-11-23 18:57:47.296301'),
	(82, '12', 'admin', 'Login  23/11/2020 às 19:03:47\nLogin com sucesso  23/11/2020 às 19:03:47\nScan google.com 2020-11-23 19:04:17.249478'),
	(83, '12', 'admin', 'Login  23/11/2020 às 19:05:49\nLogin com sucesso  23/11/2020 às 19:05:49\nScan 177.152.84.140 2020-11-23 19:06:20.081922'),
	(84, '12', 'admin', 'Login  23/11/2020 às 19:06:31\nLogin com sucesso  23/11/2020 às 19:06:31\nScan google.com 2020-11-23 19:07:03.904192'),
	(85, '12', 'admin', 'Login  23/11/2020 às 19:08:20\nLogin com sucesso  23/11/2020 às 19:08:20\nScan google.com 2020-11-23 19:08:51.115220'),
	(86, '12', 'admin', 'Login  23/11/2020 às 20:02:50\nLogin com sucesso  23/11/2020 às 20:02:50\nScan google.com 2020-11-23 20:03:21.951479'),
	(87, '12', 'admin', 'Login  23/11/2020 às 20:04:57\nLogin com sucesso  23/11/2020 às 20:04:57\nScan google.com 2020-11-23 20:05:31.116628'),
	(88, '12', 'admin', 'Login  23/11/2020 às 20:06:23\nLogin com sucesso  23/11/2020 às 20:06:23\nScan google.com 2020-11-23 20:07:05.910252'),
	(89, '12', 'admin', 'Login  23/11/2020 às 20:08:38\nLogin com sucesso  23/11/2020 às 20:08:38\nScan google.com 2020-11-23 20:09:12.841890\nScan 177.152.84.142 2020-11-23 20:10:16.242188'),
	(90, '13', 'lfreitas', 'Login  24/11/2020 às 19:05:20\nLogin com sucesso  24/11/2020 às 19:05:20\nSenha alterada  24/11/2020 às 19:05:20'),
	(91, '13', 'lfreitas', 'Login  24/11/2020 às 19:05:52\nLogin com sucesso  24/11/2020 às 19:05:52'),
	(92, '13', 'lfreitas', 'Login  24/11/2020 às 19:10:15\nSenha incorreta  24/11/2020 às 19:10:15'),
	(93, '13', 'lfreitas', 'Login  24/11/2020 às 19:10:15\nLogin com sucesso  24/11/2020 às 19:10:15'),
	(94, '13', 'lfreitas', 'Login  24/11/2020 às 19:17:55\nLogin com sucesso  24/11/2020 às 19:17:55'),
	(95, '13', 'lfreitas', 'Login  24/11/2020 às 19:20:19\nLogin com sucesso  24/11/2020 às 19:20:19'),
	(96, '13', 'lfreitas', 'Login  24/11/2020 às 19:21:54\nLogin com sucesso  24/11/2020 às 19:21:54'),
	(97, '13', 'lfreitas', 'Login  24/11/2020 às 19:22:44\nSenha incorreta  24/11/2020 às 19:22:44'),
	(98, '13', 'lfreitas', 'Login  24/11/2020 às 19:22:44\nLogin com sucesso  24/11/2020 às 19:22:44'),
	(99, '13', 'lfreitas', 'Login  24/11/2020 às 19:23:27\nSenha incorreta  24/11/2020 às 19:23:27'),
	(100, '13', 'lfreitas', 'Login  24/11/2020 às 19:23:27\nSenha incorreta  24/11/2020 às 19:23:27'),
	(101, '13', 'lfreitas', 'Login  24/11/2020 às 19:23:27\nSenha incorreta  24/11/2020 às 19:23:27'),
	(102, '13', 'lfreitas', 'Login  24/11/2020 às 19:23:27\nSenha incorreta  24/11/2020 às 19:23:27'),
	(103, '13', 'lfreitas', 'Login  24/11/2020 às 19:23:27\nLogin com sucesso  24/11/2020 às 19:23:27'),
	(104, '13', 'lfreitas', 'Login  24/11/2020 às 19:33:17\nLogin com sucesso  24/11/2020 às 19:33:17'),
	(105, '13', 'lfreitas', 'Login  24/11/2020 às 19:38:48\nLogin com sucesso  24/11/2020 às 19:38:48'),
	(106, '13', 'lfreitas', 'Login  24/11/2020 às 19:42:59\nLogin com sucesso  24/11/2020 às 19:42:59\nScan google.com 2020-11-24 19:43:37.735677'),
	(107, '13', 'lfreitas', 'Login  24/11/2020 às 20:35:42\nLogin com sucesso  24/11/2020 às 20:35:42'),
	(108, '13', 'lfreitas', 'Login  24/11/2020 às 21:13:27\nSenha incorreta  24/11/2020 às 21:13:27'),
	(109, '13', 'lfreitas', 'Login  24/11/2020 às 21:13:27\nLogin com sucesso  24/11/2020 às 21:13:27'),
	(110, '13', 'lfreitas', 'Login  24/11/2020 às 21:43:19\nLogin com sucesso  24/11/2020 às 21:43:19\nScan google.com 2020-11-24 21:45:00.170092'),
	(111, '13', 'lfreitas', 'Login  24/11/2020 às 21:52:21\nLogin com sucesso  24/11/2020 às 21:52:21'),
	(112, '13', 'lfreitas', 'Login  24/11/2020 às 22:05:12\nLogin com sucesso  24/11/2020 às 22:05:12'),
	(113, '13', 'lfreitas', 'Login  24/11/2020 às 22:08:21\nLogin com sucesso  24/11/2020 às 22:08:21'),
	(114, '16', 'bmelo', 'Login  24/11/2020 às 22:09:48\nSenha incorreta  24/11/2020 às 22:09:48'),
	(115, '16', 'bmelo', 'Login  24/11/2020 às 22:09:48\nSenha incorreta  24/11/2020 às 22:09:48'),
	(116, '16', 'bmelo', 'Login  24/11/2020 às 22:09:48\nSenha incorreta  24/11/2020 às 22:09:48'),
	(117, '16', 'bmelo', 'Login  24/11/2020 às 22:14:01\nLogin com sucesso  24/11/2020 às 22:14:01'),
	(118, '16', 'bmelo', 'Login  24/11/2020 às 22:20:09\nLogin com sucesso  24/11/2020 às 22:20:09\nSenha alterada  24/11/2020 às 22:20:09\nSenha alterada  24/11/2020 às 22:20:09'),
	(119, '13', 'lfreitas', 'Login  25/11/2020 às 20:43:07\nLogin com sucesso  25/11/2020 às 20:43:07'),
	(120, '13', 'lfreitas', 'Login  25/11/2020 às 20:51:51\nLogin com sucesso  25/11/2020 às 20:51:51\nSenha alterada  25/11/2020 às 20:52:35'),
	(121, '13', 'lfreitas', 'Login  25/11/2020 às 21:04:08\nLogin com sucesso  25/11/2020 às 21:04:08'),
	(122, '13', 'lfreitas', 'Login  25/11/2020 às 21:05:09\nLogin com sucesso  25/11/2020 às 21:05:09'),
	(123, '12', 'admin', 'Login  25/11/2020 às 21:06:48\nLogin com sucesso  25/11/2020 às 21:06:48'),
	(124, '12', 'admin', 'Login  25/11/2020 às 21:08:35\nSenha incorreta  25/11/2020 às 21:08:35'),
	(125, '12', 'admin', 'Login  25/11/2020 às 21:08:39\nLogin com sucesso  25/11/2020 às 21:08:39'),
	(126, '13', 'lfreitas', 'Login  25/11/2020 às 21:12:45\nLogin com sucesso  25/11/2020 às 21:12:45'),
	(127, '13', 'lfreitas', 'Login  25/11/2020 às 21:15:11\nLogin com sucesso  25/11/2020 às 21:15:11'),
	(128, '13', 'lfreitas', 'Login  25/11/2020 às 21:19:37\nLogin com sucesso  25/11/2020 às 21:19:37'),
	(129, '13', 'lfreitas', 'Login  25/11/2020 às 22:32:20\nLogin com sucesso  25/11/2020 às 22:32:20'),
	(130, '13', 'lfreitas', 'Login  25/11/2020 às 22:33:05\nLogin com sucesso  25/11/2020 às 22:33:05'),
	(131, '13', 'lfreitas', 'Login  25/11/2020 às 22:34:01\nLogin com sucesso  25/11/2020 às 22:34:01'),
	(132, '13', 'lfreitas', 'Login  25/11/2020 às 22:35:02\nLogin com sucesso  25/11/2020 às 22:35:02'),
	(133, '12', 'admin', 'Login  25/11/2020 às 22:38:22\nLogin com sucesso  25/11/2020 às 22:38:22'),
	(134, '13', 'lfreitas', 'Login  25/11/2020 às 22:38:56\nSenha incorreta  25/11/2020 às 22:38:56'),
	(135, '13', 'lfreitas', 'Login  25/11/2020 às 22:39:01\nSenha incorreta  25/11/2020 às 22:39:01'),
	(136, '13', 'lfreitas', 'Login  25/11/2020 às 22:39:08\nLogin com sucesso  25/11/2020 às 22:39:08'),
	(137, '13', 'lfreitas', 'Login  25/11/2020 às 22:39:54\nLogin com sucesso  25/11/2020 às 22:39:54'),
	(138, '13', 'lfreitas', 'Login  25/11/2020 às 22:40:57\nLogin com sucesso  25/11/2020 às 22:40:57'),
	(139, '13', 'lfreitas', 'Login  25/11/2020 às 22:41:49\nLogin com sucesso  25/11/2020 às 22:41:49'),
	(140, '13', 'lfreitas', 'Login  25/11/2020 às 22:42:11\nLogin com sucesso  25/11/2020 às 22:42:11'),
	(141, '13', 'lfreitas', 'Login  25/11/2020 às 23:33:34\nLogin com sucesso  25/11/2020 às 23:33:34'),
	(142, '13', 'lfreitas', 'Login  25/11/2020 às 23:58:11\nLogin com sucesso  25/11/2020 às 23:58:11'),
	(143, '12', 'admin', 'Login  25/11/2020 às 23:59:13\nLogin com sucesso  25/11/2020 às 23:59:13'),
	(144, '12', 'admin', 'Login  26/11/2020 às 00:00:26\nLogin com sucesso  26/11/2020 às 00:00:26'),
	(145, '13', 'lfreitas', 'Login  26/11/2020 às 00:05:33\nLogin com sucesso  26/11/2020 às 00:05:33'),
	(146, '13', 'lfreitas', 'Login  26/11/2020 às 00:11:06\nLogin com sucesso  26/11/2020 às 00:11:06'),
	(147, '13', 'lfreitas', 'Login  26/11/2020 às 00:12:52\nLogin com sucesso  26/11/2020 às 00:12:52'),
	(148, '13', 'lfreitas', 'Login  26/11/2020 às 00:13:31\nLogin com sucesso  26/11/2020 às 00:13:31'),
	(149, '13', 'lfreitas', 'Login  26/11/2020 às 00:17:40\nLogin com sucesso  26/11/2020 às 00:17:40'),
	(150, '13', 'lfreitas', 'Login  26/11/2020 às 00:20:51\nLogin com sucesso  26/11/2020 às 00:20:51'),
	(151, '13', 'lfreitas', 'Login  26/11/2020 às 00:21:58\nLogin com sucesso  26/11/2020 às 00:21:58'),
	(152, '13', 'lfreitas', 'Login  27/11/2020 às 14:34:30\nLogin com sucesso  27/11/2020 às 14:34:30'),
	(153, '13', 'lfreitas', 'Login  27/11/2020 às 14:43:03 27/11/2020 às 14:43:12\nLogin com sucesso  27/11/2020 às 14:43:03 27/11/2020 às 14:43:12'),
	(154, '13', 'lfreitas', 'Login  27/11/2020 às 14:55:51 27/11/2020 às 14:55:57\nLogin com sucesso  27/11/2020 às 14:55:51 27/11/2020 às 14:55:57'),
	(155, '13', 'lfreitas', 'Login  27/11/2020 às 15:02:10 27/11/2020 às 15:02:15\nLogin com sucesso  27/11/2020 às 15:02:10 27/11/2020 às 15:02:15'),
	(156, '13', 'lfreitas', 'Login  27/11/2020 às 15:13:38 27/11/2020 às 15:13:43\nLogin com sucesso  27/11/2020 às 15:13:38 27/11/2020 às 15:13:43'),
	(157, '13', 'lfreitas', 'Login  27/11/2020 às 15:17:01 27/11/2020 às 15:17:08\nLogin com sucesso  27/11/2020 às 15:17:01 27/11/2020 às 15:17:08'),
	(158, '12', 'admin', 'Login  27/11/2020 às 15:17:01 27/11/2020 às 15:17:17\nSenha incorreta  27/11/2020 às 15:17:01 27/11/2020 às 15:17:17'),
	(159, '12', 'admin', 'Login  27/11/2020 às 15:17:01 27/11/2020 às 15:17:20\nLogin com sucesso  27/11/2020 às 15:17:01 27/11/2020 às 15:17:21'),
	(160, '16', 'bmelo', 'Login  27/11/2020 às 15:17:01 27/11/2020 às 15:27:54\nLogin com sucesso  27/11/2020 às 15:17:01 27/11/2020 às 15:27:54'),
	(161, '13', 'lfreitas', 'Login  27/11/2020 às 16:16:55\nLogin com sucesso  27/11/2020 às 16:16:50 27/11/2020 às 16:16:55'),
	(162, '13', 'lfreitas', 'Login  27/11/2020 às 16:22:41\nLogin com sucesso  27/11/2020 às 16:22:37 27/11/2020 às 16:22:41\nUsuário leonardo cadastrado  27/11/2020 às 16:23:33'),
	(163, '17', 'lfreitas', 'Login  27/11/2020 às 16:29:13\nLogin com sucesso  27/11/2020 às 16:29:10 27/11/2020 às 16:29:13'),
	(164, '17', 'lfreitas', 'Login  27/11/2020 às 16:39:19\nLogin com sucesso  27/11/2020 às 16:31:10 27/11/2020 às 16:39:19'),
	(165, '17', 'lfreitas', 'Login  27/11/2020 às 16:41:36\nLogin com sucesso  27/11/2020 às 16:41:30 27/11/2020 às 16:41:36'),
	(166, '13', 'lfreitas', 'Login  27/11/2020 às 16:44:43\nLogin com sucesso  27/11/2020 às 16:43:28 27/11/2020 às 16:44:43'),
	(167, '12', 'admin', 'Login  27/11/2020 às 16:46:22\nLogin com sucesso  27/11/2020 às 16:46:19 27/11/2020 às 16:46:22'),
	(168, '13', 'lfreitas', 'Login  27/11/2020 às 16:48:19\nLogin com sucesso  27/11/2020 às 16:48:15 27/11/2020 às 16:48:19'),
	(169, '13', 'lfreitas', 'Login  27/11/2020 às 16:50:56\nLogin com sucesso  27/11/2020 às 16:50:05 27/11/2020 às 16:50:56'),
	(170, '12', 'admin', 'Login  27/11/2020 às 16:53:11\nLogin com sucesso  27/11/2020 às 16:53:08 27/11/2020 às 16:53:11'),
	(171, '13', 'lfreitas', 'Login  27/11/2020 às 16:54:21\nLogin com sucesso  27/11/2020 às 16:54:06 27/11/2020 às 16:54:22'),
	(172, '13', 'lfreitas', 'Login  27/11/2020 às 17:38:16\nLogin com sucesso  27/11/2020 às 17:38:10 27/11/2020 às 17:38:16\nScan 177.152.84.141  27/11/2020 às 17:38:41\nScan google.com  27/11/2020 às 17:41:00'),
	(173, '13', 'lfreitas', 'Login  27/11/2020 às 17:43:53\nLogin com sucesso  27/11/2020 às 17:43:48 27/11/2020 às 17:43:53'),
	(174, '12', 'admin', 'Login  27/11/2020 às 17:49:11\nLogin com sucesso  27/11/2020 às 17:43:48 27/11/2020 às 17:49:11'),
	(175, '16', 'bmelo', 'Login  27/11/2020 às 17:49:21\nLogin com sucesso  27/11/2020 às 17:43:48 27/11/2020 às 17:49:21'),
	(176, '13', 'lfreitas', 'Login  27/11/2020 às 17:55:45\nLogin com sucesso  27/11/2020 às 17:55:45'),
	(177, '13', 'lfreitas', 'Login  27/11/2020 às 18:00:17\nLogin com sucesso  27/11/2020 às 18:00:17'),
	(178, '13', 'lfreitas', 'Login  27/11/2020 às 18:01:51\nLogin com sucesso  27/11/2020 às 18:01:51'),
	(179, '13', 'lfreitas', 'Login  28/11/2020 às 11:09:53\nLogin com sucesso  28/11/2020 às 11:09:53'),
	(180, '13', 'lfreitas', 'Login  28/11/2020 às 11:24:27\nLogin com sucesso  28/11/2020 às 11:24:27'),
	(181, '13', 'lfreitas', 'Login  28/11/2020 às 11:28:59\nLogin com sucesso  28/11/2020 às 11:29:00'),
	(182, '13', 'lfreitas', 'Login  28/11/2020 às 11:30:15\nLogin com sucesso  28/11/2020 às 11:30:15\nScan 177.152.84.138  28/11/2020 às 11:30:55'),
	(183, '13', 'lfreitas', 'Login  28/11/2020 às 11:35:06\nLogin com sucesso  28/11/2020 às 11:35:06\nScan 177.152.84.138  28/11/2020 às 11:35:35'),
	(184, '13', 'lfreitas', 'Login  28/11/2020 às 11:43:42\nSenha incorreta  28/11/2020 às 11:43:42'),
	(185, '13', 'lfreitas', 'Login  28/11/2020 às 11:49:50\nLogin com sucesso  28/11/2020 às 11:49:50'),
	(186, '13', 'lfreitas', 'Login  28/11/2020 às 11:50:54\nLogin com sucesso  28/11/2020 às 11:50:54\nScan 177.152.84.140  28/11/2020 às 11:51:54'),
	(187, '13', 'lfreitas', 'Login  28/11/2020 às 11:55:13\nLogin com sucesso  28/11/2020 às 11:55:13\nScan 177.152.84.140  28/11/2020 às 11:55:47\nScan google.com  28/11/2020 às 11:56:24'),
	(188, '13', 'lfreitas', 'Login  29/11/2020 às 12:00:22\nLogin com sucesso  29/11/2020 às 12:00:22\nScan 177.152.84.141  29/11/2020 às 12:01:17\nScan 177.152.84.140  29/11/2020 às 12:02:26\nScan google.com  29/11/2020 às 12:02:54'),
	(189, '13', 'lfreitas', 'Login  29/11/2020 às 12:09:42\nLogin com sucesso  29/11/2020 às 12:09:42\nScan google.com  29/11/2020 às 12:10:34'),
	(190, '13', 'lfreitas', 'Login  29/11/2020 às 12:13:06\nLogin com sucesso  29/11/2020 às 12:13:06\nScan google.com  29/11/2020 às 12:13:49'),
	(191, '16', 'bmelo', 'Login  29/11/2020 às 12:26:54\nSenha incorreta  29/11/2020 às 12:26:55'),
	(192, '16', 'bmelo', 'Login  29/11/2020 às 12:27:02\nSenha incorreta  29/11/2020 às 12:27:02'),
	(193, '16', 'bmelo', 'Login  29/11/2020 às 12:27:07\nSenha incorreta  29/11/2020 às 12:27:07'),
	(194, '13', 'lfreitas', 'Login  29/11/2020 às 12:29:54\nSenha incorreta  29/11/2020 às 12:29:54'),
	(195, '13', 'lfreitas', 'Login  29/11/2020 às 12:29:58\nSenha incorreta  29/11/2020 às 12:29:58'),
	(196, '13', 'lfreitas', 'Login  29/11/2020 às 12:30:02\nSenha incorreta  29/11/2020 às 12:30:02'),
	(197, '13', 'lfreitas', 'Login  29/11/2020 às 12:31:26\nSenha incorreta  29/11/2020 às 12:31:26'),
	(198, '13', 'lfreitas', 'Login  29/11/2020 às 12:31:33\nSenha incorreta  29/11/2020 às 12:31:33'),
	(199, '13', 'lfreitas', 'Login  29/11/2020 às 12:31:38\nSenha incorreta  29/11/2020 às 12:31:38'),
	(200, '13', 'lfreitas', 'Login  29/11/2020 às 12:35:02\nLogin com sucesso  29/11/2020 às 12:35:02\nSenha alterada  29/11/2020 às 12:35:26'),
	(201, '16', 'bmelo', 'Login  29/11/2020 às 12:36:56\nSenha incorreta  29/11/2020 às 12:36:56'),
	(202, '16', 'bmelo', 'Login  29/11/2020 às 12:37:01\nSenha incorreta  29/11/2020 às 12:37:01'),
	(203, '16', 'bmelo', 'Login  29/11/2020 às 12:37:06\nSenha incorreta  29/11/2020 às 12:37:06'),
	(204, '13', 'lfreitas', 'Login  29/11/2020 às 12:37:27\nSenha incorreta  29/11/2020 às 12:37:27'),
	(205, '13', 'lfreitas', 'Login  29/11/2020 às 12:37:32\nSenha incorreta  29/11/2020 às 12:37:32'),
	(206, '13', 'lfreitas', 'Login  29/11/2020 às 12:37:37\nSenha incorreta  29/11/2020 às 12:37:37'),
	(207, '13', 'lfreitas', 'Login  29/11/2020 às 12:38:24\nSenha incorreta  29/11/2020 às 12:38:24'),
	(208, '13', 'lfreitas', 'Login  29/11/2020 às 12:38:30\nSenha incorreta  29/11/2020 às 12:38:30'),
	(209, '13', 'lfreitas', 'Login  29/11/2020 às 12:38:36\nSenha incorreta  29/11/2020 às 12:38:36'),
	(210, '13', 'lfreitas', 'Login  29/11/2020 às 12:38:46\nSenha incorreta  29/11/2020 às 12:38:46'),
	(211, '13', 'lfreitas', 'Login  29/11/2020 às 12:38:51\nSenha incorreta  29/11/2020 às 12:38:51'),
	(212, '13', 'lfreitas', 'Login  29/11/2020 às 12:38:55\nSenha incorreta  29/11/2020 às 12:38:55'),
	(213, '13', 'lfreitas', 'Login  29/11/2020 às 12:39:00\nSenha incorreta  29/11/2020 às 12:39:00'),
	(214, '13', 'lfreitas', 'Login  29/11/2020 às 12:39:06\nSenha incorreta  29/11/2020 às 12:39:06'),
	(215, '13', 'lfreitas', 'Login  29/11/2020 às 12:39:39\nSenha incorreta  29/11/2020 às 12:39:39'),
	(216, '13', 'lfreitas', 'Login  29/11/2020 às 12:39:43\nSenha incorreta  29/11/2020 às 12:39:43'),
	(217, '13', 'lfreitas', 'Login  29/11/2020 às 12:39:47\nSenha incorreta  29/11/2020 às 12:39:47'),
	(218, '13', 'lfreitas', 'Login  29/11/2020 às 14:27:43\nSenha incorreta  29/11/2020 às 14:27:43'),
	(219, '13', 'lfreitas', 'Login  29/11/2020 às 14:28:04\nLogin com sucesso  29/11/2020 às 14:28:05\nSenha alterada  29/11/2020 às 14:29:04'),
	(220, '13', 'lfreitas', 'Login  29/11/2020 às 14:29:13\nSenha incorreta  29/11/2020 às 14:29:13'),
	(221, '13', 'lfreitas', 'Login  29/11/2020 às 14:29:25\nLogin com sucesso  29/11/2020 às 14:29:25'),
	(222, '13', 'lfreitas', 'Login  30/11/2020 às 11:03:10\nLogin com sucesso  30/11/2020 às 11:03:10'),
	(223, '13', 'lfreitas', 'Login  30/11/2020 às 11:07:42\nLogin com sucesso  30/11/2020 às 11:07:42'),
	(224, '12', 'admin', 'Login  30/11/2020 às 11:15:48\nLogin com sucesso  30/11/2020 às 11:15:48'),
	(225, '12', 'admin', 'Login  30/11/2020 às 11:18:42\nLogin com sucesso  30/11/2020 às 11:18:42\nSenha alterada  30/11/2020 às 11:20:37'),
	(226, '13', 'lfreitas', 'Login  30/11/2020 às 11:22:43\nLogin com sucesso  30/11/2020 às 11:22:43\nUsuario atualizado  30/11/2020 às 11:23:24'),
	(227, '13', 'lfreitas', 'Login  30/11/2020 às 11:26:49\nLogin com sucesso  30/11/2020 às 11:26:49\nScan 177.152.84.142  30/11/2020 às 11:27:38\nScan executado, equipamento em conformidade 30/11/2020 às 11:27:38'),
	(228, '13', 'lfreitas', 'Login  30/11/2020 às 11:52:25\nLogin com sucesso  30/11/2020 às 11:52:25'),
	(229, '13', 'lfreitas', 'Login  30/11/2020 às 11:56:50\nLogin com sucesso  30/11/2020 às 11:56:50'),
	(230, '13', 'lfreitas', 'Login  30/11/2020 às 12:03:56\nLogin com sucesso  30/11/2020 às 12:03:56'),
	(231, '13', 'lfreitas', 'Login  30/11/2020 às 12:07:31\nLogin com sucesso  30/11/2020 às 12:07:31'),
	(232, '13', 'lfreitas', 'Login  30/11/2020 às 12:11:47\nLogin com sucesso  30/11/2020 às 12:11:47'),
	(233, '13', 'lfreitas', 'Login  30/11/2020 às 12:21:09\nLogin com sucesso  30/11/2020 às 12:21:09'),
	(234, '13', 'lfreitas', 'Login  30/11/2020 às 12:22:04\nLogin com sucesso  30/11/2020 às 12:22:04'),
	(235, '13', 'lfreitas', 'Login  30/11/2020 às 12:22:49\nLogin com sucesso  30/11/2020 às 12:22:49'),
	(236, '13', 'lfreitas', 'Login  30/11/2020 às 12:26:02\nLogin com sucesso  30/11/2020 às 12:26:02'),
	(237, '13', 'lfreitas', 'Login  30/11/2020 às 12:26:25\nLogin com sucesso  30/11/2020 às 12:26:25'),
	(238, '13', 'lfreitas', 'Login  30/11/2020 às 12:29:33\nLogin com sucesso  30/11/2020 às 12:29:33'),
	(239, '13', 'lfreitas', 'Login  30/11/2020 às 12:30:26\nLogin com sucesso  30/11/2020 às 12:30:26'),
	(240, '13', 'lfreitas', 'Login  30/11/2020 às 12:34:45\nLogin com sucesso  30/11/2020 às 12:34:45'),
	(241, '13', 'lfreitas', 'Login  30/11/2020 às 12:39:13\nLogin com sucesso  30/11/2020 às 12:39:13'),
	(242, '13', 'lfreitas', 'Login  30/11/2020 às 12:43:11\nLogin com sucesso  30/11/2020 às 12:43:11'),
	(243, '13', 'lfreitas', 'Login  30/11/2020 às 12:51:03\nLogin com sucesso  30/11/2020 às 12:51:03'),
	(244, '13', 'lfreitas', 'Login  30/11/2020 às 12:52:40\nLogin com sucesso  30/11/2020 às 12:52:40'),
	(245, '13', 'lfreitas', 'Login  30/11/2020 às 12:54:47\nLogin com sucesso  30/11/2020 às 12:54:47'),
	(246, '13', 'lfreitas', 'Login  30/11/2020 às 12:56:41\nLogin com sucesso  30/11/2020 às 12:56:41'),
	(247, '13', 'lfreitas', 'Login  30/11/2020 às 12:57:25\nLogin com sucesso  30/11/2020 às 12:57:25'),
	(248, '13', 'lfreitas', 'Login  30/11/2020 às 13:00:09\nLogin com sucesso  30/11/2020 às 13:00:09'),
	(249, '13', 'lfreitas', 'Login  30/11/2020 às 13:02:34\nLogin com sucesso  30/11/2020 às 13:02:34'),
	(250, '13', 'lfreitas', 'Login  30/11/2020 às 13:04:53\nLogin com sucesso  30/11/2020 às 13:04:53'),
	(251, '13', 'lfreitas', 'Login  30/11/2020 às 13:07:19\nLogin com sucesso  30/11/2020 às 13:07:19'),
	(252, '13', 'lfreitas', 'Login  30/11/2020 às 13:08:54\nLogin com sucesso  30/11/2020 às 13:08:54'),
	(253, '13', 'lfreitas', 'Login  30/11/2020 às 13:10:38\nLogin com sucesso  30/11/2020 às 13:10:38'),
	(254, '13', 'lfreitas', 'Login  30/11/2020 às 13:14:19\nLogin com sucesso  30/11/2020 às 13:14:19'),
	(255, '13', 'lfreitas', 'Login  30/11/2020 às 13:18:26\nLogin com sucesso  30/11/2020 às 13:18:26'),
	(256, '13', 'lfreitas', 'Login  30/11/2020 às 13:19:36\nLogin com sucesso  30/11/2020 às 13:19:36'),
	(257, '13', 'lfreitas', 'Login  30/11/2020 às 13:21:13\nLogin com sucesso  30/11/2020 às 13:21:13'),
	(258, '13', 'lfreitas', 'Login  30/11/2020 às 13:22:15\nLogin com sucesso  30/11/2020 às 13:22:15'),
	(259, '13', 'lfreitas', 'Login  30/11/2020 às 13:24:21\nLogin com sucesso  30/11/2020 às 13:24:21'),
	(260, '13', 'lfreitas', 'Login  30/11/2020 às 13:25:21\nLogin com sucesso  30/11/2020 às 13:25:21'),
	(261, '12', 'admin', 'Login  30/11/2020 às 13:26:54\nLogin com sucesso  30/11/2020 às 13:26:54'),
	(262, '12', 'admin', 'Login  30/11/2020 às 13:27:55\nLogin com sucesso  30/11/2020 às 13:27:55'),
	(263, '12', 'admin', 'Login  30/11/2020 às 13:29:33\nLogin com sucesso  30/11/2020 às 13:29:33'),
	(264, '13', 'lfreitas', 'Login  30/11/2020 às 13:30:40\nLogin com sucesso  30/11/2020 às 13:30:40'),
	(265, '13', 'lfreitas', 'Login  30/11/2020 às 13:33:18\nLogin com sucesso  30/11/2020 às 13:33:18'),
	(266, '12', 'admin', 'Login  30/11/2020 às 13:34:06\nLogin com sucesso  30/11/2020 às 13:34:06'),
	(267, '13', 'lfreitas', 'Login  30/11/2020 às 13:36:32\nLogin com sucesso  30/11/2020 às 13:36:32'),
	(268, '13', 'lfreitas', 'Login  30/11/2020 às 13:37:50\nLogin com sucesso  30/11/2020 às 13:37:50'),
	(269, '13', 'lfreitas', 'Login  30/11/2020 às 13:39:15\nLogin com sucesso  30/11/2020 às 13:39:15'),
	(270, '13', 'lfreitas', 'Login  30/11/2020 às 13:40:57\nLogin com sucesso  30/11/2020 às 13:40:57'),
	(271, '13', 'lfreitas', 'Login  30/11/2020 às 13:43:39\nLogin com sucesso  30/11/2020 às 13:43:39'),
	(272, '13', 'lfreitas', 'Login  30/11/2020 às 13:45:42\nLogin com sucesso  30/11/2020 às 13:45:42'),
	(273, '12', 'admin', 'Login  30/11/2020 às 13:47:09\nLogin com sucesso  30/11/2020 às 13:47:09'),
	(274, '13', 'lfreitas', 'Login  30/11/2020 às 13:51:55\nSenha incorreta  30/11/2020 às 13:51:55'),
	(275, '13', 'lfreitas', 'Login  30/11/2020 às 13:52:00\nLogin com sucesso  30/11/2020 às 13:52:00'),
	(276, '12', 'admin', 'Login  30/11/2020 às 13:53:50\nLogin com sucesso  30/11/2020 às 13:53:50'),
	(277, '12', 'admin', 'Login  30/11/2020 às 13:55:22\nLogin com sucesso  30/11/2020 às 13:55:22'),
	(278, '13', 'lfreitas', 'Login  30/11/2020 às 13:56:01\nLogin com sucesso  30/11/2020 às 13:56:01'),
	(279, '12', 'admin', 'Login  30/11/2020 às 13:58:11\nLogin com sucesso  30/11/2020 às 13:58:11'),
	(280, '13', 'lfreitas', 'Login  30/11/2020 às 14:50:41\nLogin com sucesso  30/11/2020 às 14:50:41'),
	(281, '12', 'admin', 'Login  30/11/2020 às 14:52:26\nLogin com sucesso  30/11/2020 às 14:52:26'),
	(282, '12', 'admin', 'Login  30/11/2020 às 14:54:53\nLogin com sucesso  30/11/2020 às 14:54:53'),
	(283, '13', 'lfreitas', 'Login  30/11/2020 às 14:56:10\nSenha incorreta  30/11/2020 às 14:56:11'),
	(284, '12', 'admin', 'Login  30/11/2020 às 14:56:14\nLogin com sucesso  30/11/2020 às 14:56:14'),
	(285, '12', 'admin', 'Login  30/11/2020 às 15:02:33\nLogin com sucesso  30/11/2020 às 15:02:33'),
	(286, '12', 'admin', 'Login  30/11/2020 às 15:08:55\nLogin com sucesso  30/11/2020 às 15:08:55\nScan google.com  30/11/2020 às 15:09:28'),
	(287, '12', 'admin', 'Login  30/11/2020 às 15:15:46\nLogin com sucesso  30/11/2020 às 15:15:46'),
	(288, '12', 'admin', 'Login  30/11/2020 às 15:29:01\nLogin com sucesso  30/11/2020 às 15:29:01'),
	(289, '12', 'admin', 'Login  30/11/2020 às 15:46:35\nLogin com sucesso  30/11/2020 às 15:46:35'),
	(290, '12', 'admin', 'Login  30/11/2020 às 15:50:35\nLogin com sucesso  30/11/2020 às 15:50:36'),
	(291, '12', 'admin', 'Login  30/11/2020 às 15:52:14\nLogin com sucesso  30/11/2020 às 15:52:14'),
	(292, '12', 'admin', 'Login  30/11/2020 às 15:53:01\nLogin com sucesso  30/11/2020 às 15:53:01'),
	(293, '12', 'admin', 'Login  30/11/2020 às 15:53:36\nLogin com sucesso  30/11/2020 às 15:53:36'),
	(294, '12', 'admin', 'Login  30/11/2020 às 15:54:23\nLogin com sucesso  30/11/2020 às 15:54:23'),
	(295, '12', 'admin', 'Login  30/11/2020 às 15:55:54\nLogin com sucesso  30/11/2020 às 15:55:54'),
	(296, '12', 'admin', 'Login  30/11/2020 às 15:57:05\nSenha incorreta  30/11/2020 às 15:57:05'),
	(297, '12', 'admin', 'Login  30/11/2020 às 15:57:09\nLogin com sucesso  30/11/2020 às 15:57:09'),
	(298, '12', 'admin', 'Login  30/11/2020 às 15:57:54\nSenha incorreta  30/11/2020 às 15:57:55'),
	(299, '12', 'admin', 'Login  30/11/2020 às 15:57:58\nLogin com sucesso  30/11/2020 às 15:57:58'),
	(300, '12', 'admin', 'Login  30/11/2020 às 15:58:45\nLogin com sucesso  30/11/2020 às 15:58:45'),
	(301, '12', 'admin', 'Login  30/11/2020 às 16:00:17\nLogin com sucesso  30/11/2020 às 16:00:17'),
	(302, '12', 'admin', 'Login  30/11/2020 às 16:01:22\nLogin com sucesso  30/11/2020 às 16:01:22'),
	(303, '13', 'lfreitas', 'Login  30/11/2020 às 16:03:05\nLogin com sucesso  30/11/2020 às 16:03:05\nScan 177.152.84.140  30/11/2020 às 16:04:03\nScan executado, equipamento em conformidade 30/11/2020 às 16:04:03'),
	(304, '12', 'admin', 'Login  30/11/2020 às 16:05:52\nLogin com sucesso  30/11/2020 às 16:05:52'),
	(305, '13', 'lfreitas', 'Login  30/11/2020 às 19:35:18\nSenha incorreta  30/11/2020 às 19:35:18'),
	(306, '13', 'lfreitas', 'Login  30/11/2020 às 19:35:23\nLogin com sucesso  30/11/2020 às 19:35:23'),
	(307, '13', 'lfreitas', 'Login  30/11/2020 às 20:45:08\nLogin com sucesso  30/11/2020 às 20:45:08'),
	(308, '12', 'admin', 'Login  30/11/2020 às 20:47:31\nLogin com sucesso  30/11/2020 às 20:47:31'),
	(309, '13', 'lfreitas', 'Login  30/11/2020 às 20:52:33\nLogin com sucesso  30/11/2020 às 20:52:33'),
	(310, '12', 'admin', 'Login  30/11/2020 às 20:55:40\nLogin com sucesso  30/11/2020 às 20:55:40'),
	(311, '12', 'admin', 'Login  30/11/2020 às 20:58:59\nLogin com sucesso  30/11/2020 às 20:58:59'),
	(312, '13', 'lfreitas', 'Login  30/11/2020 às 21:01:11\nLogin com sucesso  30/11/2020 às 21:01:11'),
	(313, '13', 'lfreitas', 'Login  30/11/2020 às 21:01:51\nLogin com sucesso  30/11/2020 às 21:01:51'),
	(314, '13', 'lfreitas', 'Login  30/11/2020 às 21:06:38\nLogin com sucesso  30/11/2020 às 21:06:38'),
	(315, '13', 'lfreitas', 'Login  01/12/2020 às 12:04:16\nLogin com sucesso  01/12/2020 às 12:04:17'),
	(316, '13', 'lfreitas', 'Login  01/12/2020 às 12:05:20\nLogin com sucesso  01/12/2020 às 12:05:20'),
	(317, '13', 'lfreitas', 'Login  01/12/2020 às 12:05:55\nLogin com sucesso  01/12/2020 às 12:05:55'),
	(318, '13', 'lfreitas', 'Login  01/12/2020 às 22:11:32\nLogin com sucesso  01/12/2020 às 22:11:32\nUsuário Kendy cadastrado  01/12/2020 às 22:14:09\nUsuario atualizado  01/12/2020 às 22:14:42\nFalha ao excluir usuario  01/12/2020 às 22:14:54\nScan 8.8.8.8  01/12/2020 às 22:18:15\nNotificação enviada aos administradores  01/12/2020 às 22:18:53'),
	(319, '18', 'ksantos', 'Login  01/12/2020 às 22:20:28\nSenha incorreta  01/12/2020 às 22:20:29'),
	(320, '18', 'ksantos', 'Login  01/12/2020 às 22:20:33\nSenha incorreta  01/12/2020 às 22:20:33'),
	(321, '18', 'ksantos', 'Login  01/12/2020 às 22:20:37\nSenha incorreta  01/12/2020 às 22:20:37'),
	(322, '18', 'ksantos', 'Login  01/12/2020 às 22:21:20\nLogin com sucesso  01/12/2020 às 22:21:20\nSenha alterada  01/12/2020 às 22:21:50'),
	(323, '12', 'admin', 'Login  01/12/2020 às 22:30:16\nLogin com sucesso  01/12/2020 às 22:30:16'),
	(324, '12', 'admin', 'Login  01/12/2020 às 22:32:32\nLogin com sucesso  01/12/2020 às 22:32:32'),
	(325, '12', 'admin', 'Login  01/12/2020 às 22:34:07\nLogin com sucesso  01/12/2020 às 22:34:07'),
	(326, '13', 'lfreitas', 'Login  01/12/2020 às 22:35:05\nLogin com sucesso  01/12/2020 às 22:35:05'),
	(327, '12', 'admin', 'Login  01/12/2020 às 22:41:16\nLogin com sucesso  01/12/2020 às 22:41:16'),
	(328, '12', 'admin', 'Login  01/12/2020 às 22:44:15\nLogin com sucesso  01/12/2020 às 22:44:15'),
	(329, '13', 'lfreitas', 'Login  01/12/2020 às 22:58:53\nLogin com sucesso  01/12/2020 às 22:58:53'),
	(330, '13', 'lfreitas', 'Login  01/12/2020 às 23:01:31\nLogin com sucesso  01/12/2020 às 23:01:31'),
	(331, '13', 'lfreitas', 'Login  01/12/2020 às 23:02:51\nLogin com sucesso  01/12/2020 às 23:02:51'),
	(332, '12', 'admin', 'Login  01/12/2020 às 23:04:16\nLogin com sucesso  01/12/2020 às 23:04:16'),
	(333, '12', 'admin', 'Login  02/12/2020 às 18:36:34\nLogin com sucesso  02/12/2020 às 18:36:34\nScan google.com  02/12/2020 às 18:38:37\nE-mail enviado aos administradores  02/12/2020 às 18:39:12'),
	(334, '12', 'admin', 'Login  02/12/2020 às 18:43:58\nLogin com sucesso  02/12/2020 às 18:43:58'),
	(335, '13', 'lfreitas', 'Login  02/12/2020 às 19:30:45\nLogin com sucesso  02/12/2020 às 19:30:45\nUsuario atualizado  02/12/2020 às 19:33:05'),
	(336, '13', 'lfreitas', 'Login  02/12/2020 às 19:58:18\nLogin com sucesso  02/12/2020 às 19:58:18\nUsuário Sergio cadastrado  02/12/2020 às 20:00:25\nUsuario atualizado  02/12/2020 às 20:02:42\nFalha ao excluir usuario  02/12/2020 às 20:02:53\nEquipamento cadastrado  02/12/2020 às 20:03:51\nScan 177.152.84.139  02/12/2020 às 20:05:13\nNotificação enviada aos administradores  02/12/2020 às 20:06:04\nScan 8.8.8.8  02/12/2020 às 20:08:01\nSenha alterada  02/12/2020 às 20:10:19\nErro ao atualizar usuario  02/12/2020 às 20:10:56'),
	(337, '19', 'ssendai', 'Login  02/12/2020 às 20:11:21\nLogin com sucesso  02/12/2020 às 20:11:21'),
	(338, '13', 'lfreitas', 'Login  02/12/2020 às 20:13:57\nLogin com sucesso  02/12/2020 às 20:13:57'),
	(339, '13', 'lfreitas', 'Login  02/12/2020 às 20:51:19\nLogin com sucesso  02/12/2020 às 20:51:19');
/*!40000 ALTER TABLE `log_usuarios` ENABLE KEYS */;

-- Copiando estrutura para tabela katon.portas
CREATE TABLE IF NOT EXISTS `portas` (
  `num_porta` int NOT NULL,
  `nome` varchar(50) CHARACTER SET utf8 COLLATE utf8_general_ci NOT NULL DEFAULT '',
  PRIMARY KEY (`num_porta`) USING BTREE
) ENGINE=InnoDB DEFAULT CHARSET=utf8;

-- Copiando dados para a tabela katon.portas: ~13 rows (aproximadamente)
/*!40000 ALTER TABLE `portas` DISABLE KEYS */;
INSERT INTO `portas` (`num_porta`, `nome`) VALUES
	(1, 'Teste'),
	(21, 'FTP'),
	(22, 'SSH'),
	(23, 'Telnet'),
	(25, 'SMTP'),
	(53, 'DNS'),
	(80, 'HTTP'),
	(110, 'POP3'),
	(143, 'IMAP4'),
	(443, 'HTTPS'),
	(3306, 'MySQL'),
	(8080, 'HTTP'),
	(49160, 'Teste');
/*!40000 ALTER TABLE `portas` ENABLE KEYS */;

-- Copiando estrutura para tabela katon.usuarios
CREATE TABLE IF NOT EXISTS `usuarios` (
  `id_usuario` int NOT NULL AUTO_INCREMENT,
  `nome` varchar(30) CHARACTER SET utf8mb4 COLLATE utf8mb4_0900_ai_ci NOT NULL,
  `sobrenome` varchar(30) CHARACTER SET utf8mb4 COLLATE utf8mb4_0900_ai_ci DEFAULT NULL,
  `datanascimento` date DEFAULT NULL,
  `cargo` varchar(30) CHARACTER SET utf8mb4 COLLATE utf8mb4_0900_ai_ci NOT NULL,
  `email` text CHARACTER SET utf8mb4 COLLATE utf8mb4_0900_ai_ci NOT NULL,
  `login` mediumtext CHARACTER SET utf8mb4 COLLATE utf8mb4_0900_ai_ci NOT NULL,
  `senha` text CHARACTER SET utf8 COLLATE utf8_unicode_ci NOT NULL,
  PRIMARY KEY (`id_usuario`) USING BTREE
) ENGINE=InnoDB AUTO_INCREMENT=20 DEFAULT CHARSET=utf8mb4 COLLATE=utf8mb4_general_ci;

-- Copiando dados para a tabela katon.usuarios: ~6 rows (aproximadamente)
/*!40000 ALTER TABLE `usuarios` DISABLE KEYS */;
INSERT INTO `usuarios` (`id_usuario`, `nome`, `sobrenome`, `datanascimento`, `cargo`, `email`, `login`, `senha`) VALUES
	(12, 'Administrador', 'admin', '2020-11-20', 'Administrador', 'admin@katon.com.br', 'admin', '21232f297a57a5a743894a0e4a801fc3'),
	(13, 'Leonardo', 'Freitas', '1997-07-28', 'Sysadmin', 'freitas.leoalves@gmail.com', 'lfreitas', '06964dce9addb1c5cb5d6e3d9838f733'),
	(14, 'Katon', 'User', '2020-11-21', 'Sysadmin', 'projeto.katon@gmail.com', 'katon', '1bce3c5827cecdf15ab790b328c23f24'),
	(16, 'Bernardo', 'Melo', '1997-04-30', 'Sysadmin', 'bernardjakemello@gmail.com', 'bmelo', '21232f297a57a5a743894a0e4a801fc3'),
	(18, 'Kendy', 'Santos', '1997-01-25', 'Sysadmin', 'kendydsm@gmail.com', 'ksantos', '81dc9bdb52d04dc20036dbd8313ed055'),
	(19, 'Sergio', 'Senday', '1970-05-23', 'Sysadmin', 'sssendaibr@gmail.com', 'ssendai', '81dc9bdb52d04dc20036dbd8313ed055');
/*!40000 ALTER TABLE `usuarios` ENABLE KEYS */;

/*!40101 SET SQL_MODE=IFNULL(@OLD_SQL_MODE, '') */;
/*!40014 SET FOREIGN_KEY_CHECKS=IF(@OLD_FOREIGN_KEY_CHECKS IS NULL, 1, @OLD_FOREIGN_KEY_CHECKS) */;
/*!40101 SET CHARACTER_SET_CLIENT=@OLD_CHARACTER_SET_CLIENT */;
/*!40111 SET SQL_NOTES=@OLD_SQL_NOTES */;
